PepID,spacer_type,len,FYW,match,coordinates,sd,mean,median,cv,4aaBlock_match_seq,8aaBlock_match_seq,2aaBlock_match_seq,PB_ID
ARI1A_HUMAN,4_10,"[16, 6, 7, 7]",4,Y......Y.......Y.......Y,"[446, 470]",4.69041575982343,9.0,7.0,0.5211573066470477,"['GLSYTQQI', 'IPPYGQQG', 'PSGYGQQG', 'QTPYYNQQ']","['SAMGGLSYTQQIPPYG', 'YTQQIPPYGQQGPSGY', 'GQQGPSGYGQQGQTPY', 'GQQGQTPYYNQQSPHP']","['LSYTQ', 'PPYGQ', 'SGYGQ', 'TPYYN']",ARI1A_HUMAN_PB_1
ARI1A_HUMAN,4_10,"[25, 7, 6, 5, 5, 7]",6,Y.......Y......Y.....Y.....Y.......Y,"[787, 823]",7.808115436305144,9.166666666666666,6.5,0.8517944112332885,"['MGSYQQNS', 'MGSYGPQG', 'GGQYGPQG', 'QGGYPRQP', 'QPNYNALP', 'NANYPSAG']","['IHTGMGSYQQNSMGSY', 'QQNSMGSYGPQGGQYG', 'YGPQGGQYGPQGGYPR', 'QYGPQGGYPRQPNYNA', 'GYPRQPNYNALPNANY', 'NALPNANYPSAGMAGG']","['GSYQQ', 'GSYGP', 'GQYGP', 'GGYPR', 'PNYNA', 'ANYPS']",ARI1A_HUMAN_PB_2
ARI1A_HUMAN,4_10,"[10, 7, 6, 7]",4,F.......Y......Y.......Y,"[1353, 1377]",1.7320508075688772,7.5,7.0,0.2309401076758503,"['GSPFPSQQ', 'TTMYQQQQ', 'QQNYKRPM', 'DGTYGPPA']","['GTPSGSPFPSQQTTMY', 'PSQQTTMYQQQQQNYK', 'YQQQQQNYKRPMDGTY', 'KRPMDGTYGPPAKRHE']","['SPFPS', 'TMYQQ', 'QNYKR', 'GTYGP']",ARI1A_HUMAN_PB_3
ARI1A_HUMAN,10_20,"[0, 13, 14, 17, 15, 16]",6,Y.............Y..............Y.................Y...............Y................Y,"[470, 551]",6.284902544988268,12.5,14.5,0.5027922035990614,"['TPYYNQQS', 'QPPYSQQP', 'QPSYQQQP', 'QPPYSQQP', 'PAPYPSQQ', 'QPPYSQPQ']","['QQGQTPYYNQQSPHPQ', 'PQQQQPPYSQQPPSQT', 'TPHAQPSYQQQPQSQP', 'LQSSQPPYSQQPSQPP', 'HQQSPAPYPSQQSTTQ', 'HPQSQPPYSQPQAQSP']","['PYYNQ', 'PPYSQ', 'PSYQQ', 'PPYSQ', 'APYPS', 'PPYSQ']",ARI1A_HUMAN_PB_4
ARI1A_HUMAN,10_20,"[6, 11, 14, 18]",4,Y...........F..............Y..................Y,"[1232, 1279]",5.057996968497839,12.25,12.5,0.41289771171410933,"['KDPYGSMR', 'SDPFMSSG', 'GDPYSRAA', 'RQHYPYGG']","['YEPNKDPYGSMRKAPG', 'KAPGSDPFMSSGQGPN', 'NGGMGDPYSRAAGPGL', 'AMGPRQHYPYGGPYDR']","['DPYGS', 'DPFMS', 'DPYSR', 'QHYPY']",ARI1A_HUMAN_PB_5
ARI1A_HUMAN,10_20,"[39, 18, 13, 13]",4,F..................F.............F.............F,"[1789, 1837]",12.39287429668087,20.75,15.5,0.5972469540569093,"['EIAFSGKD', 'ISKFDKLP', 'NDPFVVDC', 'VQEFDSGL']","['ENDEEIAFSGKDKPAS', 'EEKLISKFDKLPVKIV', 'IVQKNDPFVVDCSDKL', 'KLGRVQEFDSGLLHWR']","['IAFSG', 'SKFDK', 'DPFVV', 'QEFDS']",ARI1A_HUMAN_PB_6
ARI1B_HUMAN,4_10,"[16, 8, 7, 7]",4,Y........Y.......Y.......Y,"[657, 683]",4.358898943540674,9.5,7.5,0.4588314677411236,"['GMQYPQQQ', 'PPQYGQQG', 'VSGYCQQG', 'QQPYYSQQ']","['GAMAGMQYPQQQMPPQ', 'QQQMPPQYGQQGVSGY', 'GQQGVSGYCQQGQQPY', 'CQQGQQPYYSQQPQPP']","['MQYPQ', 'PQYGQ', 'SGYCQ', 'QPYYS']",ARI1B_HUMAN_PB_1
ARI1B_HUMAN,4_10,"[25, 8, 6, 5, 5, 7]",6,F........Y......Y.....Y.....Y.......Y,"[900, 937]",7.7631608682718065,9.333333333333334,6.5,0.8317672358862649,"['ISSFQQSN', 'SGTYGPQM', 'MSQYGPQG', 'QGNYSRPP', 'PPAYSGVP', 'SASYSGPG']","['MHAGISSFQQSNSSGT', 'QSNSSGTYGPQMSQYG', 'YGPQMSQYGPQGNYSR', 'QYGPQGNYSRPPAYSG', 'NYSRPPAYSGVPSASY', 'SGVPSASYSGPGPGMG']","['SSFQQ', 'GTYGP', 'SQYGP', 'GNYSR', 'PAYSG', 'ASYSG']",ARI1B_HUMAN_PB_2
ARI1B_HUMAN,4_10,"[1, 3, 6, 3]",4,Y...Y......Y...Y,"[1400, 1416]",2.0615528128088303,3.25,3.0,0.6343239424027171,"['QFPYGASY', 'GASYDRRH', 'HEPYGQQY', 'GQQYPGQG']","['GQRQQFPYGASYDRRH', 'QFPYGASYDRRHEPYG', 'YDRRHEPYGQQYPGQG', 'HEPYGQQYPGQGPPSG']","['FPYGA', 'ASYDR', 'EPYGQ', 'QQYPG']",ARI1B_HUMAN_PB_3
ARI1B_HUMAN,4_10,"[11, 7, 5, 7]",4,Y.......Y.....Y.......Y,"[1427, 1450]",2.516611478423583,7.5,7.0,0.33554819712314443,"['QPPYGGHQ', 'PGLYPQQP', 'QPNYKRHM', 'DGMYGPPA']","['PPSGQPPYGGHQPGLY', 'GGHQPGLYPQQPNYKR', 'LYPQQPNYKRHMDGMY', 'KRHMDGMYGPPAKRHE']","['PPYGG', 'GLYPQ', 'PNYKR', 'GMYGP']",ARI1B_HUMAN_PB_4
ARI1B_HUMAN,4_10,"[15, 9, 7, 7, 6]",5,W.........Y.......F.......F......Y,"[1722, 1756]",3.63318042491699,8.8,7.0,0.4128614119223852,"['ESTWALDT', 'ILLYDDST', 'VATFNLSQ', 'LSGFLELL', 'LVEYFRKC']","['GLLAESTWALDTINIL', 'DTINILLYDDSTVATF', 'DDSTVATFNLSQLSGF', 'NLSQLSGFLELLVEYF', 'FLELLVEYFRKCLIDI']","['STWAL', 'LLYDD', 'ATFNL', 'SGFLE', 'VEYFR']",ARI1B_HUMAN_PB_5
ARI1B_HUMAN,10_20,"[6, 12, 14, 18]",4,F............F..............Y..................F,"[1351, 1399]",5.0,12.5,13.0,0.4,"['KDPFGGMR', 'SEPFMTQG', 'QDMYNQSP', 'RQQFPYGA']","['YEPNKDPFGGMRKVPG', 'VPGSSEPFMTQGQMPN', 'NSSMQDMYNQSPSGAM', 'GMGQRQQFPYGASYDR']","['DPFGG', 'EPFMT', 'DMYNQ', 'QQFPY']",ARI1B_HUMAN_PB_6
ARI1B_HUMAN,10_20,"[21, 9, 17, 18, 14]",5,W.........Y.................Y..................F..............F,"[1581, 1644]",4.54972526643093,15.8,17.0,0.28795729534372977,"['ESQWPSHV', 'RQPYMSSS', 'QPSYQTPP', 'PASFQRSL', 'KSPFLPSM']","['RINHESQWPSHVSQRQ', 'HVSQRQPYMSSSASMQ', 'TRPPQPSYQTPPSLPN', 'RAPSPASFQRSLENRM', 'MSPSKSPFLPSMKMQK']","['SQWPS', 'QPYMS', 'PSYQT', 'ASFQR', 'SPFLP']",ARI1B_HUMAN_PB_7
